accuracy,precision,recall,f1
0.7342,0.7182823682498374,0.552,0.6242578456318915
