accuracy,precision,recall,f1
0.7018,0.893353941267388,0.289,0.43672081601813373
