accuracy,precision,recall,f1
0.818,0.8061797752808989,0.7175,0.7592592592592593
