accuracy,precision,recall,f1
0.7966,0.7486090035407182,0.74,0.7442796077445311
