accuracy,precision,recall,f1
0.8168,0.8038116591928252,0.717,0.7579281183932347
