accuracy,precision,recall,f1
0.7966,0.7913455838767042,0.6675,0.7241659886086249
