accuracy,precision,recall,f1
0.7452,0.7009966777408638,0.633,0.6652653704676826
