accuracy,precision,recall,f1
0.7944,0.814359637774903,0.6295,0.7100958826847151
