accuracy,precision,recall,f1
0.8026,0.8094074526573,0.6625,0.7286224910640637
