accuracy,precision,recall,f1
0.7896,0.7233741753063148,0.7675,0.744784085395439
