accuracy,precision,recall,f1
0.744,0.6772225450319581,0.9324,0.7845843150454392
