accuracy,precision,recall,f1
0.8622,0.8400300413067968,0.8948,0.8665504551617277
