accuracy,precision,recall,f1
0.835,0.836886564762671,0.8322,0.8345367027677497
