accuracy,precision,recall,f1
0.871,0.89995687796464,0.8348,0.8661548039012243
