accuracy,precision,recall,f1
0.8767,0.8727488620621413,0.882,0.8773500447627574
