accuracy,precision,recall,f1
0.846,0.8409538825384312,0.8534,0.8471312289060949
