accuracy,precision,recall,f1
0.8349,0.8163612318156055,0.8642,0.8395997279704653
