accuracy,precision,recall,f1
0.8452,0.837109375,0.8572,0.8470355731225296
