accuracy,precision,recall,f1
0.8706,0.8981521272024066,0.836,0.8659622954215869
