accuracy,precision,recall,f1
0.7549,0.6905936892477942,0.9236,0.7902797980662274
