accuracy,precision,recall,f1
0.8342,0.8156403475632792,0.8636,0.8389353021177385
