accuracy,precision,recall,f1
0.7482015548888674,0.7473846351325332,0.7505881594637275,0.7489829718126417
