accuracy,precision,recall,f1
0.741169069969999,0.7494007191370355,0.7254181572077734,0.7372144436256448
