accuracy,precision,recall,f1
0.7373947546695054,0.7445446706904557,0.7235489380901737,0.7338966706438063
