accuracy,precision,recall,f1
0.6229717087647989,0.5770299102290568,0.9239098907473654,0.7103864405099677
