accuracy,precision,recall,f1
0.7503951740378721,0.7493747194253831,0.7531663927293822,0.751265771919955
