accuracy,precision,recall,f1
0.7336849575792768,0.7268579286205388,0.7495568661574656,0.7380329065321212
