accuracy,precision,recall,f1
0.7327817026355689,0.7257148208265701,0.7492668149150794,0.7373027828430984
