accuracy,precision,recall,f1
0.7439917416690861,0.7261361262793543,0.7842663314963422,0.7540826128722382
