accuracy,precision,recall,f1
0.64255298558018,0.7524481894784787,0.4259241354861581,0.5439466589838042
