accuracy,precision,recall,f1
0.7471531339720636,0.7487443699167233,0.7446904508685424,0.7467119082242689
