accuracy,precision,recall,f1
0.7399432239749669,0.7468044241340486,0.7268039575880628,0.7366684632596731
